id;first_name;last_name;email;telephone
1;Gustavo;Zamora;Cecilia.Arreola@hotmail.com;987.216.642
2;Sara;Badillo;JorgeLuis31@gmail.com;932680149
3;Sofía;Cardona;Vernica_Reynoso@yahoo.com;976.085.845
4;Gregorio;Contreras;JuanCarlos_Guilln79@gmail.com;919174928
5;Susana;Heredia;Jorge.Padrn30@gmail.com;967-005-064
6;Magdalena;Orosco;Lorenzo25@hotmail.com;985.860.772
7;Tomás;Ceja;Manuela59@gmail.com;917 269 772
8;Eva;Rincón;Rubn20@yahoo.com;917368690
9;Gonzalo;Olivera;Alejandra_Muoz55@hotmail.com;941668301
10;Hugo;Colón;Lourdes.Armendriz53@hotmail.com;954-515-182
